title,format,word_count,category
150826_我刚刚调整了雪球组合_$A类大作战(ZH507849)$_的仓位。_清仓,md,61,投资逻辑
情感博主上线，聊聊婚姻与家庭,html,5792,生活感悟
160329指数估值：PE还是PB？蛋卷28轮动、深综和pb,md,1954,投资逻辑
2025年4月长赢指数投资计划（一）：150买入一份；S买入两份,html,832,投资逻辑
以波段的思路去操作。跌了买点，涨了卖点。做低成本，增厚安全垫,txt,297,投资逻辑
150911_【关于早间家庭收入讨论的结语】,md,1112,投资逻辑
E大：投顾最重要的工作，应该是在任何极端情况下帮你坚定执行你的交易策略，完成你的交易配置,txt,857,投资逻辑
前半生资产配置，后半生永远花不完,html,1385,投资逻辑
2021 人生不烦恼指南,html,6154,生活感悟
微博,html,833,投资逻辑
160809指数估值：不亏损的原因；数学的魅力；如果牛市来临以及如何退出,md,2166,投资逻辑
恭喜，你升级了,html,2182,投资逻辑
160524指数估值：下月计划；波段的另一个意义,md,1377,投资逻辑
E大是如何建立一套不断进化的投资体系的呢？,pdf,4189,投资逻辑
150831_还有半个交易日，下个月的计划，市场会不会给这样的机会？,md,159,投资逻辑
160721指数估值：恒指年线翻红；白银；债券；隔夜基金的注意事项,md,1373,投资逻辑
150820_今天港股大概率又要跪了。是的，便宜，但就是跌。抄底是个技术活，我们能力不够，所以每个月只买一次。_熊...,md,267,投资逻辑
150422_小韭们如何分辨投机者和投资者？,md,254,投资逻辑
E大：体系致胜！没有纪律没有体系的普通人，少碰！,txt,994,投资逻辑
上帝的救生艇,txt,65,投资逻辑
我不信市场只有一种投资方式,html,1180,投资逻辑
150821_全市场估值系统，是A股投资的战略核武。一次次化险为夷，一次次用买白菜的钱买金子。下一个十年，又一个十...,md,117,投资逻辑
160505指数估值：估值再次逐渐抬高；美股等机会；深成A；投资学和经济学,md,1529,投资逻辑
如何让下一代有一套完整的投资体系？,html,1253,投资逻辑
150901_这是最坏的时代，也是最好的时代。朋友们，耐心，耐心。市场先生正在用极大的诱惑和恐惧把所有不坚定的人清...,md,370,投资逻辑
不要听任何预测,txt,276,投资逻辑
开源节流。主业+副业+投资。《2021人生不烦恼指南》,txt,803,投资逻辑
怎么才能踏踏实实，舒舒服服把赚钱的品种牢牢拿住_,txt,843,投资逻辑
医疗我会在5900-6000左右，继续买入,txt,791,投资逻辑
对于资金量不大的工薪族，E大有何投资建议？,html,2302,投资逻辑
为什么从中证500转到沪深300,txt,705,投资逻辑
150428_回复@不明真相的群众_正在盯。但目前没有特别合适的。同时对于这个组合来说，由于熊市中B类杠杆大幅上....,md,73,投资逻辑
股票怎么真真切切报答投资者,txt,544,投资逻辑
160711指数估值：忆苦思甜；食品饮料,md,1715,投资逻辑
但是不死的品种大跌7080后看空的，基本是噪音，没跑儿,txt,298,投资逻辑
140323_再说etf资产配置,md,592,投资逻辑
150705_回复@shushp_这个是在雪球第一帖，当天很激动，毕竟等了三年。事后看，那天是中小板创业板最低的....,md,564,投资逻辑
一年可以反复吃5-6次甚至更多，涨不涨的随它吧,txt,102,投资逻辑
看那个人与你是否有真正的心灵和感情连接,txt,575,生活感悟
这个世界是有公平的。智力、人格正常的人，心里是真的会有一杆秤的,txt,583,个人成长
看我们所花的钱，能否给我们带来幸福感,txt,736,生活感悟
000E大干货合集汇总,pdf,497,投资逻辑
美股买入：距离前期高点大致下跌多少的点位？,txt,699,投资逻辑
《聪明的投资者》,pdf,2412,投资逻辑
160513指数估值：环保数据变化；理性面对低收益产品,md,1808,投资逻辑
持有一些相关性较低的品种，低买高卖，动态均衡,txt,368,投资逻辑
150914_以过去十年根据估值投资指数基金的经验来看，有两点决定了能否超越、能够超越多少指数涨幅。第一、是否能在...,md,441,投资逻辑
你对于事物（股市）的认知，来自于它的表现，而非内在,txt,629,投资逻辑
全指医药指数估值是该指数诞生以来，按月末计算，历史第二低,txt,117,投资逻辑
160704指数估值：创业板三个月后再回绿色区域；恒生；双周,md,1411,投资逻辑
在困难的时候不要放弃信仰,txt,388,个人成长
160614指数估值：相关性与资产配置系列（2）；收益率计算；汇率,md,2193,投资逻辑
160601指数估值：详解历史估值,md,1226,投资逻辑
你不可能既要又要：既要安全，又要超出合理水平的高收益,txt,713,投资逻辑
E大：为什么我不买A股202505,txt,356,投资逻辑
只能坚持信仰，坚持做正确的事情，冷静、耐心，屏蔽一切噪音。最终，幸福生活一定会来,txt,316,生活感悟
投资，ETF，如何抄底纳指202504,txt,692,投资逻辑
160414指数估值：出现绿色估值、记账、估值带应用,md,1571,投资逻辑
160714指数估值：现处百分位再探讨；相关性；一例资产配置,md,2148,投资逻辑
我所理解的趋势投资,pdf,3348,投资逻辑
2026年1月长赢投资计划（三）（卖出部分）,html,916,投资逻辑
150713_$A类大作战(ZH507849)$_@ETF拯救世界_今天继续加仓。重仓的是国防。这个指数40只成分...,md,221,投资逻辑
我们自己坚持做一个正常人，有正常人的思维，说正常人说的话，沙雕就会少一个,txt,332,个人成长
永远不要让情绪指导操作20260316,txt,235,投资逻辑
150819_【今日数据】很多朋友都说H股或者恒生很低了，为什么不买？今天的数据算出来了，确实不高了。恒生PE今天...,md,161,投资逻辑
150821_回复@ERIC_且行且住_其实投资最重要的事情，最重要的，没有之一。就是仓位控制。没有之一。没有！....,md,689,投资逻辑
150707_20年，估值图上从未见过如此一幕。,md,434,投资逻辑
写给新朋友：ETF 计划的投资世界观,pdf,4322,投资逻辑
非常幸运,txt,1321,生活感悟
150701_在牛市中成绩好的人，不论是基金经理或者是社交媒体的明星，最大的特点并不是选股好或者技术好，而是胆子大...,md,498,投资逻辑
160406指数估值：买卖的思路、一个量化选股结果,md,1191,投资逻辑
150821_给自己画个安全范围,md,194,投资逻辑
150722_A类策略,md,431,投资逻辑
坚守你的原则,txt,264,投资逻辑
150619_【今日收盘估值数据】,md,304,投资逻辑
150727_很少翻雪球的组合，今天有空翻了翻，得出一个结论：1_牛市中，收益明显高于指数的，都是集中火力总是满仓...,md,671,投资逻辑
160808指数估值：券商ETF；折价套；成交量≠流动性；网格价格,md,1829,投资逻辑
没有最好的，只有最适合自己的,pdf,4763,投资逻辑
我坚信做投资只要主观判断就要错。一次两次不错，终究要错。所以...,txt,601,投资逻辑
160705指数估值：PB回到4；汇率、放水；目标市值的艺术性,md,1379,投资逻辑
160706指数估值：年化收益率更精确的计算；赢富还是920,md,1095,投资逻辑
160719指数估值：谈谈定增基金；腾安、百发；广发C,md,1778,投资逻辑
150612_因为你确实做错了。你错在豪赌一个行业可以带给你暴利，这样的思维和豪赌互联网，豪赌TMT，豪赌一带一路...,md,553,投资逻辑
E大：分红到底是不是左手转右手？理解了才能真正做价值投资,txt,1377,投资逻辑
AI投资模型_claude_chatgpt_gemini,txt,283,投资逻辑
如果你侥幸逃脱了曾经困死你的泥潭，请不要轻易再掉进去。 ​​​​,txt,97,生活感悟
某些品种高位要跑，不跑的品种只要不梭哈，择时的精力不要耗费太多,txt,377,投资逻辑
未来红利指数的交易路线图,txt,852,投资逻辑
150331_大风起兮猪飞扬,md,671,投资逻辑
160520指数估值：网格品种；再看邮件；估值对标指数,md,1098,投资逻辑
对两个经典投资问题的一点浅见——集中还是分散_,txt,1244,投资逻辑
为什么说熊市少赔或者不赔，牛市跟上7788就行。,txt,1379,投资逻辑
160802指数估值：计划的规模；相关性,md,1144,投资逻辑
E大：估值只要到了60、70以上，那就是贵,txt,292,投资逻辑
E大体系总结20251106详细版,txt,517,投资逻辑
红利指数都到了技术买入区域，所以极有可能短期内还会买,txt,84,投资逻辑
150402_回复@三少爷4_这个早就有人做过了。推荐西格尔教授的《投资者的未来》和《股市长线法宝》（译名虽然很....,md,1001,投资逻辑
150628_其实谁能准确回答两个问题，涨跌就清楚了：第一个：周一是谁进场解救亿万散户。是国家队？产业资本？降息降...,md,462,投资逻辑
"长赢计划是开超市,品种大概有150-200种。使用的交易策略大致是6-7个。",txt,292,投资逻辑
160425指数估值：投债大体思路、股债双杀的经验、全市场PE与创业板,md,2086,投资逻辑
141031_2014-10-31以￥116.15卖出$南山转债(SH110020)$。,md,80,投资逻辑
别怕，风浪越大鱼越贵！,html,1352,投资逻辑
希望我们所有朋友投资的市场都安全、稳定、可预期。,txt,569,投资逻辑
我所理解的趋势投资,html,3631,投资逻辑
150702_还有最后的45分钟。我们能成功吗？_高铁_TMT。这真是个问题。这是一场真正的战争。如果能折，持有B...,md,249,投资逻辑
150908_50今天终于到了2.1，大家买到了吗。这个月仅仅过了几个交易日，很多之前到不了2.1买不到的朋友心急...,md,348,投资逻辑
美元上涨是避险需求大增。油价上涨是霍尔木兹海峡被封锁,txt,1097,投资逻辑
E日记三十六回：楼起楼塌须知花无百日好，潮起潮落致敬当在阑珊处。,html,1515,投资逻辑
如果一个品种还没买，想买，但它一直涨该怎么做_,txt,1881,投资逻辑
我来用数据告诉你为什么要高位限制新人跟车,txt,641,投资逻辑
150616_今天收盘，昨天推荐的几只算是给了面子，都排在了+3%涨幅榜的前列。除了合并赎回概念的地产，全部+3里...,md,1099,投资逻辑
你说你不开心，你对得起谁啊,txt,200,投资逻辑
投资是一场赌博,pdf,3908,投资逻辑
E大：1 相信价值2 不要预测 3 不要怕不要贪202502,txt,1084,投资逻辑
150203_以上都不是最重要的，最重要是下面这段：收割韭菜每年收割的次数，决定于韭菜的长势、施肥情况及市场行情。...,md,555,投资逻辑
理性才是股市投资第一性原理：先保证安全，再挣大钱,txt,973,投资逻辑
赚钱，然后把钱带走。如果你能做到，你就已经是大赢家。,txt,186,投资逻辑
不再陷入泥潭，要比错失一段利润，要更加重要,txt,575,投资逻辑
160518指数估值：网环保、先锋队准备出发,md,1457,投资逻辑
150305_旱则资舟，水则资车，物之理也。论其有余不足，则知贵贱。贵上极则反贱，贱下极则反贵。_贵出如粪土，贱取...,md,220,投资逻辑
你是美羊羊还是灰太狼？,html,766,投资逻辑
"""ETF拯救世界""投资策略分析",html,1516,投资逻辑
E大：医药长期技术形态就发生了一些有趣的变化202505,txt,237,投资逻辑
下一次红利100加仓位置，大致是目前价位下跌3%,txt,184,投资逻辑
爱上波动，只要有波动，你的账户就会不断新高,txt,325,投资逻辑
150909_【鸡汤】贪字的二重含义,md,1305,投资逻辑
前提低位买入：30%-50%红利类资产+30%宽基+20%行业,txt,636,投资逻辑
2025年4月长赢指数投资计划（二）：150买入一份,html,961,投资逻辑
如何相对抹平贫富差距,txt,845,投资逻辑
我所理解的价值投资,html,2187,投资逻辑
150913_十年收益：低估值、中等估值、高估值投资的结果,md,277,投资逻辑
可以听故事，可以跟着故事挣钱，但不要相信故事,txt,330,投资逻辑
想暴富_咱先聊聊怎么慢慢变富,txt,2269,投资逻辑
160530指数估值：汇率与QDII；股票与网格；指数投资两因子,md,1410,投资逻辑
E大：恒生指数、恒生医疗、恒科都面临大压力20250520,txt,176,投资逻辑
150826_好了朋友们，一大早就被我刷屏，实在不好意思。看了你们的评论我就放心了，三观正的人还是大多数。大盘如此...,md,163,投资逻辑
投资就是人生,txt,283,生活感悟
160819指数估值：28在平衡市表现不佳；南油+油气网格；dax基金净值；目标市值的条件,md,1495,投资逻辑
一定要找到适合自己的投资方式，博采众长,txt,626,投资逻辑
AI关于基金投资,txt,638,投资逻辑
如果你把一个人保护的太好，他就很难知道你的保护有多么可贵,txt,357,投资逻辑
请理性对待暴涨的任何产品，比如黄金,txt,963,投资逻辑
150813_保持开放的态度,md,652,投资逻辑
游戏就是人生，人生就是游戏,txt,1271,生活感悟
160419指数估值：油气套利、白银、蛋卷、牛熊宝,md,1516,投资逻辑
150527_A类已经开始有肉了。慢慢建仓，一定不要急。你永远也猜不到B类投资者会在杠杆率接近5倍的时候有多么疯狂...,md,73,投资逻辑
150825_明天开始，大家再抛售手里的股票，一定要精挑细选。跟踪的_17只指数_估值中，已经有_4只指数估值_低...,md,204,投资逻辑
140317_回复@不明真相的群众_因为是在讨论本质。2010年后，中国一无战乱二无动荡，经济发展虽有所减慢但并....,md,553,投资逻辑
普通人想搞清楚自己的资产情况非常困难,txt,436,投资逻辑
加大波段交易的力度,txt,318,投资逻辑
150325_回复@大冬_有什么不可行？想买大盘股就买50etf，想买中盘股就买500etf，想买小盘股就买创业....,md,356,投资逻辑
160805指数估值：恒生估值；南方油的净值和价格；房子、投资、长期资金,md,2034,投资逻辑
160426指数估值：不贵不卖的原理、目标市值的关键之一是估值,md,1506,投资逻辑
尽量增加你的本金，你的投资体系没有建立以前，你的钱越多，越是一种灾难,txt,364,投资逻辑
150402_A股是个聚宝盆,md,831,投资逻辑
建体系，分资料，补数据,txt,335,个人成长
不懂不做，铁律,txt,1111,投资逻辑
150605_不知道有没有人研究过一个课题，那就是：明知道风险很大，还是要赚取每一分利润的人，到底是高净值人群比例...,md,218,投资逻辑
150818_昨天收盘全市场PB_5.27。仅供参考。冥王一出，并不是死神一样一个个往回领，屠刀下落，倒下一大片。,md,772,投资逻辑
[2022-09-05]E日记三十三回小红再新高无悬念九指数支撑有更新,pdf,1473,投资逻辑
160421指数估值：回头看油气、债券,md,1626,投资逻辑
什么才是真正的自由,txt,336,生活感悟
160602指数估值：几个近期操作的问题：环保网、国债等；养老估值,md,1471,投资逻辑
E大：从本质上理解这个世界（长赢致敬原则）,txt,544,投资逻辑
2026年1月长赢指数投资计划（一）,html,460,投资逻辑
这个市场的本质非常有特色，不能像别的市场一样长期持有,txt,191,投资逻辑
150624_1.01的365次方是37.8；0.99的365次方是0.03；跌50%回本需要涨100%，你跌50...,md,500,投资逻辑
你要清楚，掌管你命运的人，希望这个市场是什么样子,txt,784,投资逻辑
150707_重组A——第三口肉吃到,md,704,投资逻辑
150814_发几张数据而已，不同意就不同意，嘴里不干不净何苦呢。拉黑的感觉不错。辛辛苦苦又是查数据又是截图还得发...,md,166,投资逻辑
在情绪和心理的问题上不过关，你也绝对不可能做好金融投资,txt,204,投资逻辑
绝大多数都是噪音。不要让噪音扰乱自己的心灵和情绪,txt,268,投资逻辑
【财富自由】4%提取养老金_提前退休提取金额测算,txt,1516,投资逻辑
150901_很多朋友总是问我经常说的网格是什么。可以看看这个了解一下大概。但有几点一定要注意1.只适合震荡市。....,md,4215,投资逻辑
160603指数估值：计划总路线图；再说债券；C类；先锋队,md,1541,投资逻辑
160616指数估值：相关性与资产配置系列（3）,md,1454,投资逻辑
160608指数估值：各策略继续前进；β系数；相关性分析,md,1773,投资逻辑
160817指数估值：再谈门票策略；目标市值与逃顶,md,2198,投资逻辑
150905_下午有时间，从头翻了一遍2012年到现在240篇帖子和评论，做了个决定：以后只要不是碰触底线的评论，...,md,406,投资逻辑
131031_本月A股市场估值,md,322,投资逻辑
利用别人讲的故事赚钱，而不是成为故事的买单者,txt,578,投资逻辑
160707指数估值：全市场加权估值；如何看待错过的_机会_,md,1790,投资逻辑
[2022-03-19]周一条件单的一个小操作,pdf,1541,投资逻辑
160725指数估值：中报门票策略选股启动；更长期的数据,md,1561,投资逻辑
年轻人越来越能够思考本质，能够认识到不必与其他人一样,txt,533,生活感悟
160713指数估值：新增一组给力数据——历史位置百分比；目标市值确定；轻易不做空,md,1528,投资逻辑
141021_仅仅是简单定投也许会赚钱，但用钱的时候你会发现收益非常非常一般。怎么做？做个组合吧。贴篇旧文。以现在...,md,645,投资逻辑
160331指数估值：黑暗森林自保术、分级A、长期高估、估值带,md,2911,投资逻辑
150304_回复@不断重复的愚蠢_没有具体目标，就是回头看看，资产比去年增加如此之多，非常满意了。再者也实在能....,md,824,投资逻辑
150909_除了空仓和满仓，你还有至少98种仓位选择。真不是说卖掉一点就看空，买入一点就看多。其实也并没什么看多...,md,280,投资逻辑
2007、2015、2026，已经是全指信息指数的三大历史高...,txt,225,投资逻辑
一切交给交易策略。不要被自己的情绪左右。未来是未知的，我们只能把命运交给策略，让科学和艺术，而非源于人性的判断,txt,768,投资逻辑
不要轻易的让已经到手的财富永久性损失。这永远是最重要的。,txt,772,投资逻辑
160708指数估值：成熟的市场；dax；资产配置,md,1614,投资逻辑
一份传媒的涨幅，等于十五份沪深300,txt,305,投资逻辑
红利越跌越好,txt,219,投资逻辑
160405指数估值：分级A、分散和集中、等权和加权,md,1505,投资逻辑
关于财富的思考,pdf,3178,生活感悟
150825_哭死我算了，好不容易四只指数估值低于历史平均了，刚要出手，尼玛又来！你们这样，我们到底什么时候才能买...,md,275,投资逻辑
医疗C波段,txt,74,投资逻辑
天下没有不散的宴席,txt,1615,投资逻辑
2025年9月长赢指数投资计划（一）：150卖出一份；S卖出一份,html,486,投资逻辑
退休提款模型,txt,1035,投资逻辑
150623_一个小疑问：本人才疏学浅，不懂为什么很多人写东西言必称牛市还在，正常调整；言必称8000点、一万点不...,md,271,投资逻辑
150706_我刚刚调整了_$A类大作战(ZH507849)$_的仓位，调整原因：我真的不知道雪球怎么计算下折收益...,md,228,投资逻辑
减仓策略靠的是机械容易动态操作20250818,txt,413,投资逻辑
150814_股息率是吗？给你们。我再多送你们一张2000-2005的。,md,78,投资逻辑
为你节省10年研究，波段交易要把利润留下,txt,292,投资逻辑
150722_回复@岸上的蓝山_您说说，您这是什么心态。别人买点a吃息，您要砸的人家头破血流。哎。招谁惹谁了，没....,md,271,投资逻辑
150915_心急的朋友，医药和消费的底仓可以考虑开始建立了。加起来不要超过3%－5%。按照估值，如果这波熊市要到...,md,364,投资逻辑
伊朗战争原油会涨多少。 美元会涨多少。,txt,163,投资逻辑
160517指数估值：长期重仓持有的条件；量化门票,md,928,投资逻辑
在投资这件事上，我是自己真正的主宰者，我的灵魂听命于自己,txt,505,投资逻辑
150727_算完今天的各指数PE，惊呆了。还有4天，看看给不给机会吧。祝各位好运。,md,148,投资逻辑
[2022-05-28]基金拆分我会这样修改条件单,pdf,1691,投资逻辑
纳指QQQ（=纳指=国内的纳指基金）1999年至今，从最高点...,txt,781,投资逻辑
除了价值、技术，很多信号也要盯紧,txt,393,投资逻辑
我问你，今天你看医药医疗上涨，是不是跟前几天的感觉不一样了。,txt,170,投资逻辑
150824_说真的，这两个月，现在是最高兴的时候。您先别骂，我高兴，绝对不是因为我的分级A赚钱了，或者是看您赔钱...,md,288,投资逻辑
150629_再次暴跌之后的小数据,md,456,投资逻辑
160812指数估值：新高以及几个品种的思考；仓位确定,md,1504,投资逻辑
自己在熊市低位有没有割肉，有没有杀跌卖在谷底。有没有顶住所有...,txt,331,投资逻辑
150721_今日PE，三个有意思,md,392,投资逻辑
主仓位配置到稳定一些的品种，小仓位配置到上蹿下跳的品种，应该...,txt,260,投资逻辑
如何做一个合格的指数基金投资人？,html,464,投资逻辑
如果某种货币对你_有用_，无论是消费的需求，还是配置的需求，那你就可以考虑一些交易策略去完成你的目标,txt,716,投资逻辑
只有机械化的操作和配置模型才能解决绝大多数人的问题,txt,471,投资逻辑
2025年4月长赢指数投资计划（三）：150卖出一份；S卖出一份,html,501,投资逻辑
160810指数估值：动态看待估值；门票股；债券；pb区间；货币管理,md,1504,投资逻辑
131216_2013-12-16以￥95.81买入$南山转债(SH110020)$。,md,78,投资逻辑
《聪明的投资者》,html,1535,投资逻辑
150707_回复@浪子一刀_分级A本来就是阶段性投资品种，何来_粉_之说？难道要拿一辈子么。任何产品只要价格....,md,542,投资逻辑
只要你觉得难受，不舒服，请停止参考我的投资,txt,160,投资逻辑
E大第一性拆解提示词,txt,373,个人成长
160325指数估值：连续五年业绩增长的公司、八条估值带,md,1154,投资逻辑
150905_回复@天涯路_今天真的很闲，翻翻以前的帖子里面的评论。感觉沧海桑田，不胜唏嘘。这个帖子说，上证50....,md,771,投资逻辑
什么是熊市，什么是牛市？,pdf,2356,投资逻辑
长赢指数投资_2019-05-06_波段策略.网格之二：网格策略基础1.0版.doc.doc,txt,593,投资逻辑
160621指数估值：分级基金未来赚钱路线图；相关性与资产配置（5）,md,1550,投资逻辑
150826_【每月一买】朋友们，今天的走势，最深刻的揭示了为什么熊市中要每月一买。还是那句话，每天抄底买，你的钱...,md,144,投资逻辑
投资是一场概率游戏,html,3668,投资逻辑
写给新朋友：ETF计划的投资世界观,pdf,4059,投资逻辑
150824_中午上班的路上，一边开车一边思考股市的问题。对于有些投资者为什么会在股市亏损，得出一个终极结论，一字...,md,339,投资逻辑
160606指数估值：还是债券；计划上车时间；目标市值适合所有指数,md,1450,投资逻辑
E大：投资的本质，红利的真相,txt,736,投资逻辑
股市真是个让人又爱又恨的小妖精呀,txt,253,投资逻辑
长赢2025核心指数基金出炉了,html,787,投资逻辑
把宗家那笔21亿美金的信托算明白,html,2109,投资逻辑
150820_资产配置的方法,md,279,投资逻辑
E大公号学习总结，内容规划，操作建议20250623,txt,1563,投资逻辑
150825_回复@Tess_朋友，我无意参加雪球任何投资以外的争执。有不同意见可以讨论，请你不要做出其它攻击。....,md,252,投资逻辑
150816_有价值的东西总是不引人注意_我们就是没耐心,md,862,投资逻辑
这波牛市可能过去了，但是仓位降的不够，虽然也没赔钱，但是感觉...,txt,315,投资逻辑
[2022-06-27]E篇日记关于做人的底线22年6月27日,pdf,1074,投资逻辑
分红型ETF_挑选红利类产品的6个要点（03.03）,html,2827,投资逻辑
[2022-06-29]E篇日记一生只要富一次22年6月29日,pdf,1744,投资逻辑
判断估值的方法,html,4962,投资逻辑
知足，感恩，珍惜_人总是执着的追求自己没有的，不在意自己已经拥有的,txt,361,生活感悟
150715_$A类大作战(ZH507849)$_@ETF拯救世界_扫了一遍全部+3A，除了持仓的这三支，还有真实...,md,238,投资逻辑
买基金买股票就不一样，那是希望，而且又不占地方,txt,467,投资逻辑
E大：我每天要做的工作和事情2025,txt,1138,投资逻辑
160401指数估值：动态的十年平均、集思录的数据、基金拒赎,md,1674,投资逻辑
150905_回复@幻想之城_兄弟，相信我，资本市场的机会没完没了。对大多数人来说，保本的情况下，一生在资本市场....,md,498,投资逻辑
咱们这里小白越来越少了，所以有个问题请进阶的朋友一定要注意。,txt,823,投资逻辑
不要预测，不要杀跌，不要追高,txt,354,投资逻辑
E大是如何积累本金的_,html,3907,投资逻辑
我们这个计划的特点，是买入低迷的品种。所以大概率是买了以后会浮亏。有时候几天就起来，有时候甚至长达2、3年才会开始涨,txt,595,投资逻辑
150826_回复@Tess_首先，我喜欢医药不是躺床上平白无故想出来的。从美股、欧股近50年历史，以及中国股市....,md,629,投资逻辑
把黄金波段的利润，或者长期配置动态平衡的部分，替换成实物黄金,txt,3451,投资逻辑
160816指数估值：回头看投资指数的三个原则；分级的一个误区；网格的实现标准,md,2328,投资逻辑
红利指数并不会一直好下去20250616,txt,160,投资逻辑
可以买贵的，不能买贵了,txt,31,生活感悟
150820_回复@牛蛋1818_我跟他们争，并不是因为我非要证明什么。只是因为指数编制的不合理性，让很多人认为....,md,222,投资逻辑
150430_回复@超长线投资_这么说吧，美股历史上投资回报率最高的几个行业，分别是，医药、消费和石油。在去年至....,md,294,投资逻辑
150814_既然你们想要市净率的，给你们,md,256,投资逻辑
160407指数估值：应对长期震荡、均值区间的选择(补图),md,1876,投资逻辑
E大：舒服最重要。因为舒服才能坚持下去202305,txt,283,投资逻辑
绝对不要因为不死品种几年没涨而放弃,txt,336,投资逻辑
E大：收益公式是（收回的钱-你的成本）_你的成本,txt,664,投资逻辑
150814_在孩子身上做这样的试验很有意思。这相当于玩养成游戏的过程中加入了经营类游戏的要素。本人也在孩子的帐户...,md,715,投资逻辑
[2022-10-05]策略研讨跌破最后一个支撑后的交易策略,pdf,2003,投资逻辑
每个人的情况、仓位、应用的策略不同，决定了也许同时买卖都不是错的,txt,764,投资逻辑
个股不适合7080。永远不适合。因为个股是有可能死的。,txt,780,投资逻辑
真的要珍惜现在的每一天。想办法让自己开心起来。健康，良好的人际关系，相对富足的物质生活，就已经非常幸福了,txt,306,生活感悟
认真学习的朋友都知道，之前我给红利设定的加仓位置在-3%左右...,txt,1352,投资逻辑
160527指数估值：详解目标市值的优势与劣势,md,1573,投资逻辑
130715_2000点说仓位,md,903,投资逻辑
150826_这几个月，可能会让很多朋友认为我是死空头，我的很多文章会让很多没来得及卖出股票的朋友不高兴。但是，朋...,md,344,投资逻辑
150819_顽强的A股大盘空军短暂收缩防守后发起猛烈反攻。不抢反弹会死星人虽然伤亡惨重，但希望的火焰在他们心中依...,md,320,投资逻辑
150904_开车300多公里回到家里，打开雪球，评论与预想的差不多——左右不是人，谁都能成为专家上来扇两巴掌。有...,md,1582,投资逻辑
知道怎么按照配置原则，加加减减，对普通人来说，就足够了,txt,687,投资逻辑
140313_2008年12月31日，富国银行每股净资产16.02。3个月后，它的股价跌到了7.11。pb0.44...,md,1259,投资逻辑
E 大投资体系整理_投资信仰+体系+策略20251210-1.0,txt,5104,投资逻辑
150822_最近几天，经常接到一些朋友们的站内私信、评论或者是微信留言，他们有个共同的困惑：为什么我拿的低估值价...,md,1037,投资逻辑
长赢投顾研究系列：中国投顾发展开创者ETF拯救世界（长赢指数投资）,html,1609,投资逻辑
交易-右侧卖出最怕碰到暴跌。,txt,258,投资逻辑
大多数人都觉得世界欠他的,txt,437,投资逻辑
解！决！问！题！,txt,2817,投资逻辑
E大：A股与众不同，红利指数更能稍微体现一点经济的成长,txt,511,投资逻辑
150820_不扯淡了。开wind调模板打开matlab去算PE了。只有PE才是真正的神中枢啊……有人拿点位做为股...,md,219,投资逻辑
150615_投资分级A：宁拿25%收益哭，也不在万点牛市笑,md,1082,投资逻辑
E大：医疗问题不大，让所有品种赚钱，提高收益率,txt,390,投资逻辑
你账户里总是有表现好的品种，你就不会轻易崩掉,txt,370,投资逻辑
160729指数估值：加权估值跌破36；下月计划；券商增强货基；目标市值结合定投,md,1901,投资逻辑
《巴菲特与索罗斯的投资习惯》,html,1483,个人成长
人的成长，就是这样学习-经历-回顾-提高而来的,txt,395,个人成长
拿到手里的才是自己的。即使没有卖在最高位甚至高位，只要赚了跑了，就可能是长期赢家,txt,548,投资逻辑
160413指数估值：疯狂创业板、几个估值亮点、网格策略变形、斗牛的债券选择,md,1794,投资逻辑
拿分红，拿房租，有稳定现金流入手的怎么办,txt,1763,投资逻辑
150820_回复@沧海一粟32015_我来告诉你上证深成为什么装死。那是因为，中国2000多家企业，有那么1、....,md,617,投资逻辑
150525_看了看评论，发现物以类聚，大家还都是理性的居多。这很好。最近又重新看了一遍《聪明的投资者》，有了些更...,md,1503,投资逻辑
2025年5月长赢指数投资计划（三）：S买入一份,html,667,投资逻辑
E大：相信系统，机械执行20250419,txt,716,投资逻辑
150722_$A类大作战(ZH507849)$_@ETF拯救世界_踩踏开始，各位预备好盆啊，筐啊，缸啊，准备接钱...,md,192,投资逻辑
买了就涨就该高高兴兴的,txt,445,投资逻辑
150703_今日收盘pe数据,md,534,投资逻辑
160701指数估值：半年收益率的客观视角；网格的缺点与对策；AEB的大思路,md,1574,投资逻辑
指数基金投资：新手三大致命陷阱与巴菲特式反人性实操体系,html,6164,投资逻辑
拥有50万元人民币可投资资产，应该就会超过70%甚至80%以上的国人,txt,777,投资逻辑
整体仓位50%。红利在新高,txt,60,投资逻辑
持仓品种越不涨，反而是好事。给你时间和机会积累便宜品种,txt,231,投资逻辑
真正懂了一件事，就会对正确的做法有信仰,txt,519,投资逻辑
资产一千万的人生,html,4813,生活感悟
150818_天天找主力，其实你就是主力好吗,md,911,投资逻辑
我更喜欢财富增长的感觉,txt,463,投资逻辑
160418指数估值：总结策略、油气折价套、查询指数样本股,md,1815,投资逻辑
160428指数估值：高效的资本市场；指数PEG的应用；阶段收益,md,1285,投资逻辑
150825_【声明】,md,306,生活感悟
150911_回复@捏小猪_很多人的房子是父母资助首付甚至全款，靠自己，即使雪球都是高收入人群，大家问问自己能在....,md,381,投资逻辑
你要建立以数据为基础的理性认知体系,txt,670,个人成长
2026年1月长赢投资计划（五）（卖出部分）,html,242,投资逻辑
150819_不抢反弹会死星人大量入侵A股大盘,md,142,投资逻辑
这几个月只卖不买,txt,235,投资逻辑
150705_这样的统计非常有意思。有一个硬伤——统计区间是停ipo和重启ipo的区间。这样算，那当然是上涨的次数...,md,391,投资逻辑
目前150的A股仓位已经不到50%了,txt,303,投资逻辑
150813_大概看了几个大数：年初至今，IPO、增发、配股融资大致是11000多亿；印花税7个月大致是1700亿...,md,400,投资逻辑
150618_告诉大家一个好消息：经过几天的下跌，风险释放，今天的PE终于回到2000年最高点之上一点点了。pb也...,md,68,投资逻辑
140325_回复@davy31_美股方面，一定要配置的是标普代表的大公司，和罗素2000代表的小公司。还有债券....,md,794,投资逻辑
噪音不会再干扰我,txt,392,投资逻辑
多积累，越来越强大,txt,208,个人成长
今日A股全市场估值过去5年（2020年10月以来）最高20250901,txt,211,投资逻辑
150827_低于26%的就是50ETF……今天这样8%的反弹，更说明一点，估值才是王道。_期待低于平均40%的那...,md,197,投资逻辑
立即去做！,txt,96,个人成长
向内求，不要被网上90%噪音给骗了,txt,477,投资逻辑
长赢全天候核心ETF,html,792,投资逻辑
为什么买入估值不低的红利,txt,1211,投资逻辑
讲个鬼故事,html,3060,投资逻辑
给环保点耐心，荤素搭配，它不涨，有品种涨,txt,286,投资逻辑
领股息，定了一个股息率标准。到了就开始买,txt,172,投资逻辑
现金极为充沛现金极为充沛,txt,71,投资逻辑
投资是一场概率游戏,pdf,3544,投资逻辑
150816_回复@终极觉醒-主升浪_做得不错！即使不能拯救世界，能帮一个朋友也没白写帖子@终极觉醒-主升浪...,md,1122,投资逻辑
信仰从何而来,txt,430,投资逻辑
人的一生，有这三样，就足够足够了,txt,165,生活感悟
关于均线，价值六位数_51、120、250、850,txt,1839,投资逻辑
只富一次,txt,574,生活感悟
情绪是投资最大的障碍,html,2028,投资逻辑
你忘了的投资才是最赚钱的投资,txt,451,投资逻辑
找不到比投资更有意思的事了怎么办,txt,101,投资逻辑
聚力共赢·ETF客户投资行为洞察报告,pdf,33,投资逻辑
指数基金真的特别好，比创业强多了,txt,573,投资逻辑
ETF五年赚钱心法总结,txt,1338,投资逻辑
不降低金融资产的规模，然后能够持续产生无穷无尽的现金流用做开...,txt,839,投资逻辑
150626_说真的，开会回来，看到这样的局面。真的有点无话可说。你们真以为中国股市这样跌是无理可讲吗？我只能说，...,md,597,投资逻辑
160420指数估值：环保、资产配置、蛋卷牛+估值、网格幅度,md,1612,投资逻辑
每一次都一样,txt,438,投资逻辑
上帝既然派人来救了，我就不会再让自己陷入绝境，然后继续祈祷,txt,613,生活感悟
军工市梦率，500已经进入波段,txt,305,投资逻辑
500大幅减仓点位：8600-8700,txt,236,投资逻辑
150828_回复@ETF拯救世界_总是有人要指数投资的书。推荐你们这几本。懂了道，术就不是问题。@ETF拯...,md,449,投资逻辑
欲壑难填，知足常乐，与君共勉,txt,316,投资逻辑
E大家训,txt,329,投资逻辑
150706_统一回复一些分级A的问题，请各位网友周知,md,741,投资逻辑
手里有货也有钱，进退自如，攻守兼备，不会患得患失,txt,240,投资逻辑
160822指数估值：网格白银；估值与仓位,md,712,投资逻辑
160818指数估值：喝酒吃药；香港中小估值；宏观经济和投资,md,1988,投资逻辑
160624指数估值：计划买入价格；关注DAX,md,1259,投资逻辑
历史还会不断重复，坚持策略，不要让情绪影响你的操作,txt,378,投资逻辑
160615指数估值：重申开网标准；目标市值操作日；量化选股,md,1454,投资逻辑
150619_真正正确的姿势,md,250,投资逻辑
[2022-03-11]聊几句跌幅73的中概,pdf,3410,投资逻辑
只要你投资A股，只要A股的本质没有改变，那么红利类股票和基金...,txt,1604,投资逻辑
2026年4月长赢投资计划(一)（卖出部分）,html,193,投资逻辑
150103_回复@最爱月光白_并不是造假，而是统计方法。比如每年统计局都会发布平均工资。很多人说自己拖后腿。那....,md,900,投资逻辑
你们共同点燃了一把火，我要把这事尽力做到最好,txt,919,投资逻辑
前些年跟车的朋友，在各种策略上都赚了钱的朋友，请你们理解那些...,txt,1323,投资逻辑
150626_回复@flysuka_错。投资的精髓不是赌博，而是概率。0.77买a，无论大盘涨跌都赚钱，这才是关....,md,668,投资逻辑
150423_2015年4月23日，建立了一个全部由etf组成的组合。之所以今天建立，是因为刚知道雪球能用etf建...,md,105,投资逻辑
传媒：波段神器,txt,318,投资逻辑
现金、股票、债券、黄金、大宗商品、REITS,txt,1214,投资逻辑
150609_中证TMT成分股TTM_PE一览,md,1430,投资逻辑
E大：恒生医疗操作记录2024到2025,txt,3023,投资逻辑
150619_再说散户的投资原则,md,633,投资逻辑
关于财富的思考,html,3137,生活感悟
找到让自己舒服的方式，大方向正确然后能坚持做下去。这才最关键，也是最好的,txt,546,投资逻辑
"160726指数估值：回顾反思""确定性机会""",md,1887,投资逻辑
只能做一个适应环境，努力越来越强壮的小卡拉米,txt,167,投资逻辑
160623指数估值：相关性与资产配置（7）；技术与估值配合,md,1699,投资逻辑
150714_每天都有收入的，是捡破烂的；每个月都有收入的，是公司小白领；按年拿年薪的，是高管；不用时间计算，按项...,md,452,投资逻辑
上证50的使命已经完成了,txt,205,投资逻辑
[2022-04-25]就是这里三年半后的钻石坑,pdf,1585,投资逻辑
好久不见。聊聊市场。,html,2403,投资逻辑
长赢指数投资_2019-04-28_波段策略.网格之一：写在前面、体系以及策略.doc.doc,txt,1560,投资逻辑
2025年9月长赢指数投资计划（四）：S计划买入一份、卖出一份,html,378,投资逻辑
150530_已持仓A类一览,md,156,投资逻辑
150629_开个盘口：高铁A还是TMT中证A先下折？买定离手啊。评论下注，输的人自觉点给赢的人1罐雪碧。。随便给...,md,202,投资逻辑
2026年3月长赢投资计划（一）（卖出部分）,html,193,投资逻辑
150202_私以为，辛巴这样的说法不妥。其一，_我亏得不比任何一个人少_这句就不合适。据我推断，南铝无非是您诸多...,md,551,投资逻辑
160801指数估值：平均值变动；拒绝亏损的一点心得；另类投资；杠杆！,md,2421,投资逻辑
E大：估值,txt,197,投资逻辑
问：现在是牛市吗？答：能回答的不是骗子就是傻子,txt,48,投资逻辑
160620指数估值：判断市场走势不如好体系；ST策略；债券QDII,md,1370,投资逻辑
150901_【声东击西、围魏救赵】今天很多朋友懊恼不已，只差3厘没有买到50etf。不用担心，能买到就买，买不到...,md,435,投资逻辑
150825_不得不写的文章：批发干货与鸡汤,md,1907,投资逻辑
赚钱的人，钱是哪里来的？20250818,txt,374,生活感悟
150907_不出意外的话，给恒指的8.5%资产配置，配满应该没有问题了。加油跌，大恒指。,md,436,投资逻辑
真正理解中国特色市场的与众不同,txt,352,投资逻辑
150403_回复@旅行者零号_亲爱的，这是年化复利。看看表格，一般人，只要不在牛市末期买，5年期，每年十几个点....,md,1023,投资逻辑
160712指数估值：C类扩军；填洼地；发展自己的策略,md,1652,投资逻辑
150707_回复@大尾松鼠_别人抢你就给他们。做点好事，会有好报。等别人不要的时候，你再做好事，把它接回来。周....,md,195,投资逻辑
2025年5月长赢指数投资计划（一）：150卖出一份,html,744,投资逻辑
你买长债，就是在赌利率走势。赌对了，赚大钱。赌错了，赔大钱,txt,1155,投资逻辑
160720指数估值：恒生ETF走势及分红；赢富,md,1150,投资逻辑
医疗：技术与策略的共振,txt,480,投资逻辑
160516指数估值：策略核心是低买高卖；三次分析数据,md,1571,投资逻辑
黄金的压力测试_最终价位给到从最高点下跌60%，或者给到50...,txt,419,投资逻辑
2025年7月长赢指数投资计划（三）：150买入一份；S买入一份,html,570,投资逻辑
2025年12月长赢指数投资计划（一）：S买入一份,html,315,投资逻辑
160324指数估值：大局观、油气放开申购、杠杆b类,md,1807,投资逻辑
长期看，利润增长+通胀还是会让公司估值下降的。有的市场快，有的市场慢罢了,txt,163,投资逻辑
160427指数估值：下个月计划构想、小资金的成长、期指的指向,md,2060,投资逻辑
让我心静如水的一张表格_不亏损，复利20%左右,txt,500,投资逻辑
150326_财富，聚集在智商低的人手中是不科学的。这样无法发挥财富的最大效用。所以，这个社会会通过各种方式，把财...,md,339,投资逻辑
150820_回复@Jasondeng999_只是因为，We_are_伐木累……@Jasondeng999...,md,265,投资逻辑
世界上乐见你成功你发财的人，不超过5个。,txt,741,生活感悟
这几天多说了两句红利，是因为我们之前这车发的红利，所以多说了...,txt,1194,投资逻辑
150903_以史为鉴，可以知兴替,md,877,投资逻辑
你为什么拿不住,txt,840,投资逻辑
我总觉得很多老一辈人其实根本没有认真思考过人生。,txt,951,生活感悟
中证军工的PE和PB重回市梦率,txt,397,投资逻辑
160628指数估值：十年、二十年全市场pe；dax油气折溢价；卖出份额计算,md,1438,投资逻辑
150820_【证金撑场子怎么办？】反弹卖出。【证金不撑了怎么办？】做空。——别这样，感觉不会再爱了。,md,303,投资逻辑
财经产品：整理、统计我的所有持仓品种分红信息，持仓品种资产穿透,txt,1083,投资逻辑
E大对红利指数的投资理念、体系、交易策略及跟踪方法总结,txt,828,投资逻辑
资产配置第一课_先搞清你有多少资产,txt,846,投资逻辑
121128_标题,md,548,投资逻辑
2025年7月长赢指数投资计划（四）：S卖出一份,html,639,投资逻辑
150627_凑热闹说两句双降对A类的影响以及后期策略,md,1024,投资逻辑
双子座的E大就那些关于US国债的发言与行动记录专用贴,txt,802,投资逻辑
时隔5年后再次买入红利基金,txt,361,投资逻辑
尽早投资，慢慢致富,html,3354,投资逻辑
你以为只要买美股就一定赚钱，那就错了。,txt,421,投资逻辑
150827_对比股票，投资ETF的好处是什么？,md,890,投资逻辑
160411指数估值：历史最高区域、油气盈利了吗、贪婪和恐惧,md,1403,投资逻辑
权益大类资产组合，交易_调仓_再平衡方式,txt,346,投资逻辑
160727指数估值：加权估值36；ETF计划方案；加密PDF,pdf,1435,投资逻辑
160429指数估值：再说指数PEG；国债白银；读书；健康产业,md,2176,投资逻辑
疯狂的人越少，我们每个人才越安全。天佑中华！,txt,634,生活感悟
150702_看图说话，明天能买了吗？（经网友提醒增加行业）,md,648,投资逻辑
选择品种，具体进场时机怎么确定_后续加仓与波段参数如何设置_,txt,487,投资逻辑
150721_最近在看这个，很带感。看完之后腿不酸了，背不疼了，走路都利索了。看看这场持久战要打多久？什么时候才能...,md,352,投资逻辑
160823指数估值：50估值飙升的原因；白银、石油网格；保本基金和ETF计划的保本策略,md,1463,投资逻辑
E大理念策略2025,txt,146,投资逻辑
长阴长阳，尤其是光头光脚，都是值得注意的形态,txt,847,投资逻辑
500，各位的平均收益率,txt,275,投资逻辑
160617指数估值：再谈网格；相关性与资产配置系列（4）,md,1827,投资逻辑
钻石底里的心理状态,html,4088,投资逻辑
AI+组合，才应该是最适合每个人的最终形态,txt,730,投资逻辑
160525指数估值：目标市值优势渐显；msci；油气网格,md,1191,投资逻辑
比我成本低几十个点买，你的胜率真的很大,txt,84,投资逻辑
锐评一下目前150的持仓,txt,968,投资逻辑
投资一定要有坚定的信仰,txt,58,投资逻辑
如何利用估值赚钱？,html,4051,投资逻辑
150527_回复@冷静敏锐耐心_7%，是股市不跌的前提下给你的债券收益。相当于转债在股市不涨时候给你的债息。如....,md,277,投资逻辑
150304_剩下的钱你们赚吧,md,295,投资逻辑
长赢E大指数基金ETF投资理念策略,txt,1176,投资逻辑
160718指数估值：AB决定论——如何赚到big_money,md,2222,投资逻辑
140317_其实真的特别简单。可是很多人一定不同意。A股挣钱难是因为大多数时间都是高估的。这个时候入场，赔钱的几...,md,740,投资逻辑
大A股50%仓位，不会加仓,txt,78,投资逻辑
160811指数估值：回顾恒生，低买高卖；资产配置比例不是一成不变,md,1454,投资逻辑
160503指数估值：解析一季报指数利润增幅；趋势投资；美股,md,1922,投资逻辑
160804指数估值：南方原油平价；套利；避险货币；资金使用效率,md,1906,投资逻辑
150629_准备好钱，ETF计划下个月大概率开始开qiang了。资产分成150份，按份数投入。我们来了。,md,166,投资逻辑
150325_四点读后感：1、牛市中一定要战胜指数是个心魔。老巴也做不到，但这并不妨碍他如此成功。2、现金是空气，...,md,436,投资逻辑
总能让你跟她在一起开心舒服的，就是适合你的姑娘,txt,755,投资逻辑
我没说话的那些天，是在努力工作。,txt,483,投资逻辑
现在的美股总而言之就是不舒服,txt,625,投资逻辑
150612_回复@烈火鸟_实际上，从历史的长河来看，真正NB到一塌糊涂的股票，从来不是低pe和pb的。麦当劳、....,md,154,投资逻辑
150716_$A类大作战(ZH507849)$_@ETF拯救世界_今天净值终于超过了第二目标位，达到了36.64...,md,378,投资逻辑
舒服最重要,html,3993,投资逻辑
网友评论_如何执行计划,txt,1227,投资逻辑
150721_回复@弹性流体_很有意思。真的。你这样的论调，6月前经常出现在评论里。6月15日到现在，你是第一个....,md,442,投资逻辑
150604_回复@doom0675_中证500距离07年顶部已经翻番。也就是说，A股除了几个大股票，实际上已经....,md,54,投资逻辑
恒生医疗复盘,txt,532,投资逻辑
150815_危机不危机不好说，毕竟历史上的危机基本没有被预测到过。现在这么多人看衰也挺难得的。宏观经济预测不了，...,md,362,投资逻辑
无论是价值还是技术，原来股票的世界是有规律可循的,txt,188,投资逻辑
160629指数估值：折溢价问题；安全第一；成分股查询,md,1545,投资逻辑
160519指数估值：场外网的一些问题解答；分级a的定价,md,1421,投资逻辑
退休提取策略：基础4%，通胀，投资收益率,txt,627,投资逻辑
你以为自己成长是坏事。恰恰相反！,txt,914,投资逻辑
E大：金融投资不仅仅是数学，也是适应人性的艺术20250520,txt,978,投资逻辑
《漫步华尔街》,html,1627,投资逻辑
我们热切盼望的是下跌,html,3257,投资逻辑
纳指跌10%算啥_新手真的太可怕了。我永远也不会再让新手跟我...,txt,458,投资逻辑
160526指数估值：2575资产配置；股指期货,md,1696,投资逻辑
150821_没有腾讯、没有百丽、没有大润发、康师傅、银河娱乐、恒安、维达、统一、周大福、汇丰、恒生、莎莎，我千里...,md,164,投资逻辑
150528_150275_150273_150186_你们抢到了多少？跌幅比预想的少4%，建了十几个点的仓。希望...,md,28,投资逻辑
150519_迎接伟大牛市,md,156,投资逻辑
150825_赚够了,md,298,投资逻辑
当你慢慢累积分红资产(股票或者基金)，你就会越来越有信心面对未来更多的不可预测,txt,322,投资逻辑
港股的红利指数，波动未必会比大盘指数低,txt,138,投资逻辑
2026年1月长赢投资计划（六）（卖出部分）,html,252,投资逻辑
E大书单总目录,html,593,投资逻辑
你享受的不是扣费，而是确认自己一直在用正确的方式，拥有值得拥,txt,267,投资逻辑
150715_回复@MyLittleFund_别忘记初心。你的初心是吃下折，那么0.81跑已经是很好的结果。你看....,md,260,投资逻辑
关于平衡与情商,html,3986,投资逻辑
你理想中的它的最大回撤你能接受多少，,txt,630,投资逻辑
割肉卖，回本卖，新高卖，就是拿不到赚大钱丨ETF拯救世界_长赢指数投资,html,4357,投资逻辑
全球债券推荐,txt,201,投资逻辑
我认为股票赚钱的本质,txt,1355,投资逻辑
2026年3月长赢投资计划（二）（卖出部分）,html,270,投资逻辑
做投资，买入前先不要想能赚多少，先想会赔多少，那基本就没有太大问题了,txt,1458,投资逻辑
长赢指数投资_2019-05-26_波段策略.网格之三：网格策略进阶2.0版.doc.doc,txt,881,投资逻辑
160531指数估值：大涨后的全面盘点；网环保看指数,md,1266,投资逻辑
科创信息致敬全过程，2年84.7%,txt,254,投资逻辑
140106_2014-01-06以￥91.42买入$南山转债(SH110020)$。,md,80,投资逻辑
150820_QDII经验一则,md,332,投资逻辑
"150908_十五年，弹指一挥间。""仅仅是保住了自己的本金""，不胜唏嘘。其实赚不赚钱并不是最重要的，我相信这位朋友...",md,444,投资逻辑
拒绝噪音，独立思考，是我们成熟以及过上美好生活的第一步,txt,563,投资逻辑
160523指数估值：环保网格；长持B类是自残,md,1634,投资逻辑
150630_2015年6月,md,216,投资逻辑
根据交易策略慢慢的卖出，就是赢家,txt,568,投资逻辑
150703_很多人不停的在研究资金，在研究k线，在研究股神买了什么股，在研究zjh有什么政策，在研究朝廷有什么意...,md,291,投资逻辑
ETF拯救世界_长赢指数投资计划研究_为什么要研究E大,html,1242,投资逻辑
最重要的是成本,txt,675,投资逻辑
500一直减仓,txt,112,投资逻辑
世界上怎么可能有毫无风险的，没有任何技巧的每年10%以上的投资？这怎么可能。,txt,625,投资逻辑
初心就是，这个投资计划，是我自己的。它适合我，无论你觉得好还是不好，都无所谓。我应该，我也将会按照适合我的投资方式去做交易,txt,1393,投资逻辑
富人朋友多关注增值，待富的朋友多积累本金,txt,276,生活感悟
一定要把人生用记忆点切割。,txt,226,生活感悟
你们误解了有钱人,txt,775,生活感悟
001E大干货合集,pdf,464,投资逻辑
交易策略可以治愈你的负面交易心态,txt,565,投资逻辑
150721_关于黄金投资,md,513,投资逻辑
E大：全球资产配置2025,txt,388,投资逻辑
150821_简单的数学题：股票从100跌到20赔了80%；你70块去抄底，到20是赔71%；你50块去抄底，到2...,md,83,投资逻辑
我喜欢看着账户里的资金在慢慢变多的延时快乐,txt,350,生活感悟
今天收盘后，中概指数进入该指数诞生后最便宜10%区域,txt,337,投资逻辑
十年后财务自由 你会感谢看到这篇,txt,429,投资逻辑
环保想卖了请打醒我20250905,txt,120,投资逻辑
目前手里还有十几个点的中证500。,txt,214,投资逻辑
160504指数估值：油气第二轮；蛋卷牛的苦恼；债券,md,1698,投资逻辑
今天恒生的卖出——右侧卖出的思路：不便宜+从高点回撤一定幅度+趋势改变,txt,695,投资逻辑
150814_看看低PE能否抵抗熊市的魔爪,md,177,投资逻辑
只要本金还在，就有无数机会,pdf,5327,投资逻辑
2024年2月坚定买入,txt,176,投资逻辑
160728指数估值：香港中国中小指数历史走势分析；分级A与增强货基,md,1384,投资逻辑
160422指数估值：恒生估值、债券、网格、指数估值,md,2095,投资逻辑
孤独是赚钱的第一节必修课,html,3467,投资逻辑
160330指数估值：历史最高区域有多远、一个另类的量化策略,md,2019,投资逻辑
150716_看图算命,md,555,投资逻辑
不要买贵！对比创业板和红利你就知道,txt,405,投资逻辑
160613指数估值：增加估值；近期品种；重磅：相关性系列（1）,md,1198,投资逻辑
150825_又想了想，我真是没弄懂到底是什么逻辑？上证50估值已经低于三年平均23%，这个月，我和朋友们都已经开...,md,237,投资逻辑
金融交易中，最重要的是坚持纪律,txt,123,投资逻辑
在大A择时一点都不重要，回测2007到2025,txt,305,投资逻辑
150814_回复@得闲搵我玩_我真的不懂。难道很多朋友的语文阅读能力真的已经退化到看不懂这篇东西的情况了吗？还....,md,1743,投资逻辑
E大：你的人性指导了你的行为,txt,601,投资逻辑
买贵了就是原罪,txt,346,投资逻辑
160630指数估值：现金管理；稳定；压力测试；近五年汇率曲线,md,1381,投资逻辑
160722指数估值：抽水机再次开动；低估买入的重要性；极限仓位,md,1581,投资逻辑
疯狂牛市重要的五个信号,txt,210,投资逻辑
应该劝父母投指数基金吗？,html,2068,投资逻辑
5月6日买入红利低波100,txt,139,投资逻辑
150703_朋友们，TMT中证A已经折了，第二块肉吃到。重组A一步之遥。大盘反弹近在眼前，没有下折的分级A会下跌...,md,303,投资逻辑
有人说我嘲笑葛兰。,txt,696,投资逻辑
150206_求教有识之士一个问题：为什么工地上的农民工辛辛苦苦累死累活一个月才挣6000块，还有欠薪风险；为什么...,md,376,投资逻辑
构建一个真正适合你自己的投资系统，然后机械执行，要比你相信任何人可靠,txt,496,投资逻辑
致敬点位我就买，外太空点位我就卖。所有点位都是几个月年前明牌的。这就叫做——知行合一,txt,268,投资逻辑
一个真正有希望的人，是不断成长的人,html,3087,生活感悟
150707_再次提醒，不要因为分级A涨的好就去追，请你弄懂到底是怎么回事再追。否则，有可能祸不单行。,md,175,投资逻辑
150814_据我们的测算，A股过去20年三次大顶，无一例外的都是PE破60，PB破6。非常神奇。2015年这次史...,md,1736,投资逻辑
模糊正确比精确强，致敬条件很苛刻所以买的到就赚钱,txt,411,投资逻辑
150323_大牛市好刺激,md,210,投资逻辑
150724_能评论了？恩。那就说两句。几个月前我就在评论里跟辛巴探讨过。从辛巴的今年一些买入卖出和后期开始换中小...,md,359,投资逻辑
150102_2015：ETF投资计划的过去、现在和未来,md,1092,投资逻辑
中证500的操作和明牌：小压力位在8100左右，大压力位在8500左右。这次在7900稍微减持，是左侧操作,txt,754,投资逻辑
150519_回复@冷静敏锐耐心_看看中小板指数和创业板指数@冷静敏锐耐心回复@ETF拯救世界仍然早了1...,md,411,投资逻辑
如何通过一个人在网上分享的投资品种，以及他的投资风格，判断一个人的财富水平,txt,348,投资逻辑
估值判断底部非常有效,txt,509,投资逻辑
2025年7月长赢指数投资计划（一）：150买入一份、卖出一份；S买入一份,html,815,投资逻辑
E大也买美元债了,html,1769,投资逻辑
160415指数估值：目标市值操作日、说债券、分级b,md,2260,投资逻辑
150814_很多人觉得，这次不一样。以前是大家都很贵，现在有便宜有贵。还真不是这样。再次重温07年的PE就可以发...,md,1895,投资逻辑
卖医疗（波段）和买红利100（时间拉开）20260415,txt,226,投资逻辑
找到适合自己的交易体系：以终为始，先想好策略，低买高卖,txt,607,投资逻辑
让自己明白，焦虑的最主要原因是自己,txt,621,生活感悟
150506_为什么说，一个成熟的投资者，至少需要经过两个牛熊？因为，第一个牛市，死死拿着，听专家的，死了都不卖。...,md,285,投资逻辑
《战胜华尔街》,html,1811,投资逻辑
请把预期收益率降下来,pdf,5160,投资逻辑
不要上杠杆，不要乱投非标品种。慢慢积累财富，守住财富,txt,711,投资逻辑
E大：不要预测。即使预测，也不要根据预测去操作202502,txt,2616,投资逻辑
1216到周五的走势，将决定是否会卖出计划中的几个品种,txt,142,投资逻辑
150812_我关注的12位朋友有11位看空了，当然也包括我自己。这里就有意思了。后市有两个可能：1、不会再涨，因...,md,277,投资逻辑
这一波行情的结局，与之前不会有太大差异20250818,txt,596,投资逻辑
E大：执行策略。不要被情绪影响你的操作,txt,374,投资逻辑
150714_他们说散户只有7秒钟的记忆。我不同意。他们只是记吃不记打。,md,138,投资逻辑
150702_高铁A_0.225，折了。高铁赢了。_TMT_0.269。_请下注输了的的朋友自觉送出雪碧，我给第一...,md,201,投资逻辑
2026年4月长赢投资计划(二)（卖出部分）,html,179,投资逻辑
160506指数估值：减持和资金；网格,md,1348,投资逻辑
160627指数估值：创业板再入最贵区域；汇率对冲；分档买入；个股,md,1714,投资逻辑
[2022-08-25]E篇日记你家有没有寒气22年8月25日,pdf,1906,投资逻辑
160622指数估值：总结近期网格；相关性与资产配置（6）；网格的目的,md,1718,投资逻辑
150915_暗黑之夜下半场已然开启，但光明就在那里，不远不近,md,653,投资逻辑
命运、态度以及勇往直前,html,4427,生活感悟
视频提炼提示词,txt,849,个人成长
2025年8月长赢指数投资计划（二）：150卖出一份；S卖出一份,html,497,投资逻辑
150901_$A类大作战(ZH507849)$_@ETF拯救世界_现在还在疯狂抢分级A的人，怎么说呢，我想，大概...,md,285,投资逻辑
160715指数估值：目标市值操作日及回顾；策略的重要性,md,1811,投资逻辑
2026年2月长赢投资计划（一）（卖出部分）,html,391,投资逻辑
大多数没有天分的人把钱全部放到投资组合中,txt,433,投资逻辑
160412指数估值：债券与债基、分级A的不同玩法、估值和成长,md,1555,投资逻辑
11月长赢小组发帖初步想法,txt,225,投资逻辑
160815指数估值：8月目标市值；心态、仓位；B做波段；门票更新；广发C,md,1720,投资逻辑
在熊市里买多点，才能在牛市大爆发,txt,869,投资逻辑
找到适合自己的人幸福度过一生,txt,319,生活感悟
购买力100万人民币的分红金融资产,txt,607,投资逻辑
150717_$A类大作战(ZH507849)$_@ETF拯救世界_不会吧？150309是雪友们拉起来的吗？刚在组...,md,169,投资逻辑
传媒点位在1400左右,txt,115,投资逻辑
大家现在每次回收几十个点收益品种的时候，有没有带动一个思考_,txt,333,投资逻辑
"150914_话不多说，一图顶千言。It_was_the_best_of_times,it_was_the_wor...",md,238,投资逻辑
E大：以提款目标为导向的财务自由提款模型,txt,1116,投资逻辑
我只吃我能理解的部分。就这么简单。我不理解的钱，跟我无关,txt,394,投资逻辑
160408指数估值：国债逆回购、估值带再探讨,md,1632,投资逻辑
噪音那么多，如何从茫茫市场中获得有用信息？,html,1471,投资逻辑
E大：重新认识周期，重视纯债,txt,1289,投资逻辑
最最普通的人，怎么才能在梦魇市场从痛苦到幸福,txt,1849,投资逻辑
160607指数估值：目标市值是超长期投资；信用卡,md,1564,投资逻辑
160803指数估值：南方原油套利；HB反弹弱于Hetf的原因,md,1437,投资逻辑
这几万天干嘛要不停的在与天斗，与地斗，与人斗的无穷纠缠中耗费...,txt,567,生活感悟
